{
  "fully_paid": {
    "precision": 0.8815632458233891,
    "recall": 0.6421121251629727,
    "f1-score": 0.7430223786773951,
    "support": 13806.0
  },
  "default_risk": {
    "precision": 0.3432141432938987,
    "recall": 0.6843360720911741,
    "f1-score": 0.4571529745042493,
    "support": 3773.0
  },
  "accuracy": 0.6511746970817452,
  "macro avg": {
    "precision": 0.6123886945586439,
    "recall": 0.6632240986270734,
    "f1-score": 0.6000876765908222,
    "support": 17579.0
  },
  "weighted avg": {
    "precision": 0.766016789037237,
    "recall": 0.6511746970817452,
    "f1-score": 0.6816659157417743,
    "support": 17579.0
  }
}
