{
  "fully_paid": {
    "precision": 0.8896394253639045,
    "recall": 0.6651728553137004,
    "f1-score": 0.7612031421710286,
    "support": 14058.0
  },
  "default_risk": {
    "precision": 0.3340407470288625,
    "recall": 0.6705481397330304,
    "f1-score": 0.44593446028897915,
    "support": 3521.0
  },
  "accuracy": 0.6662495022469993,
  "macro avg": {
    "precision": 0.6118400861963835,
    "recall": 0.6678604975233654,
    "f1-score": 0.6035688012300039,
    "support": 17579.0
  },
  "weighted avg": {
    "precision": 0.7783553394421977,
    "recall": 0.6662495022469993,
    "f1-score": 0.6980561469547651,
    "support": 17579.0
  }
}
