{
  "threshold": 0.5,
  "accuracy": 0.6757494738039707,
  "precision": 0.35841293166789123,
  "recall": 0.6464351974556056,
  "f1": 0.46114577424844017,
  "roc_auc": 0.7322483811587928,
  "pr_auc": 0.4437358450929949,
  "brier_score": 0.2130419037054663,
  "true_negative_count": 9440,
  "false_positive_count": 4366,
  "false_negative_count": 1334,
  "true_positive_count": 2439,
  "default_threshold": 0.5,
  "positive_rate": 0.20029126655440768,
  "test_positive_rate": 0.2146310939188805,
  "evaluation_split": "untouched_test",
  "probability_status": "uncalibrated"
}
